Test and Queries

describe salesfees;
describe Insurance;
describe Warrantee;
describe Customer;
describe VehicleModels;
describe TradeIn;
describe SalesPerson;
describe Inventory;
describe SalesPerformanceData;
describe Sales;
describe InsuranceCompanies;
describe Survey;
describe Totals;
describe Zip;
describe Vehicle;

mysql> describe salesfees;
+---------------------+--------------+------+-----+---------+-------+
| Field               | Type         | Null | Key | Default | Extra |
+---------------------+--------------+------+-----+---------+-------+
| SalesPrice          | decimal(8,2) | NO   | PRI | 0.00    |       |
| salesTax            | decimal(8,2) | YES  |     | NULL    |       |
| SalesFeesforLicense | decimal(8,2) | YES  |     | NULL    |       |
| LicenseFee          | decimal(8,2) | YES  |     | NULL    |       |
+---------------------+--------------+------+-----+---------+-------+
4 rows in set (0.00 sec)

mysql> describe Insurance;
+-------------------+-------------+------+-----+---------+-------+
| Field             | Type        | Null | Key | Default | Extra |
+-------------------+-------------+------+-----+---------+-------+
| policyNo          | varchar(20) | NO   | PRI |         |       |
| TransactionNumber | varchar(20) | NO   | MUL | NULL    |       |
| companyName       | varchar(50) | YES  | MUL | NULL    |       |
| startDate         | date        | YES  |     | NULL    |       |
| endDate           | date        | YES  |     | NULL    |       |
+-------------------+-------------+------+-----+---------+-------+
5 rows in set (0.00 sec)

mysql> describe Warrantee;
+---------------+--------------+------+-----+---------+-------+
| Field         | Type         | Null | Key | Default | Extra |
+---------------+--------------+------+-----+---------+-------+
| WarranteeType | varchar(25)  | NO   | PRI |         |       |
| cost          | decimal(8,2) | NO   | PRI | 0.00    |       |
| period        | varchar(20)  | YES  |     | NULL    |       |
+---------------+--------------+------+-----+---------+-------+
3 rows in set (0.00 sec)

mysql> describe Customer;
+-------------------+-------------+------+-----+---------+-------+
| Field             | Type        | Null | Key | Default | Extra |
+-------------------+-------------+------+-----+---------+-------+
| CustomerID        | varchar(20) | NO   | PRI |         |       |
| FirstName         | varchar(20) | NO   |     | NULL    |       |
| LastName          | varchar(20) | NO   |     | NULL    |       |
| homeStreet        | varchar(50) | YES  |     | NULL    |       |
| Zip               | char(5)     | YES  | MUL | NULL    |       |
| driversLicNo      | varchar(10) | YES  |     | NULL    |       |
| EmailAddress      | varchar(40) | YES  |     | NULL    |       |
| Phoneareacode     | char(3)     | YES  |     | NULL    |       |
| phoneNumber       | char(7)     | YES  |     | NULL    |       |
| TransactionNumber | varchar(20) | NO   | MUL | NULL    |       |
+-------------------+-------------+------+-----+---------+-------+
10 rows in set (0.01 sec)

mysql> describe VehicleModels;
+---------------------+--------------+------+-----+---------+-------+
| Field               | Type         | Null | Key | Default | Extra |
+---------------------+--------------+------+-----+---------+-------+
| Model               | varchar(20)  | NO   | PRI |         |       |
| Manufacturer        | varchar(20)  | NO   | PRI |         |       |
| Capacity            | decimal(8,2) | YES  |     | NULL    |       |
| Weight              | decimal(8,2) | YES  |     | NULL    |       |
| NumberofDoors       | decimal(8,2) | YES  |     | NULL    |       |
| NumberofCylinders   | decimal(8,2) | YES  |     | NULL    |       |
| Vehicle_Description | varchar(20)  | YES  |     | NULL    |       |
+---------------------+--------------+------+-----+---------+-------+
7 rows in set (0.00 sec)

mysql> describe TradeIn;
+---------------------------+---------------+------+-----+---------+-------+
| Field                     | Type          | Null | Key | Default | Extra |
+---------------------------+---------------+------+-----+---------+-------+
| VehicleID                 | varchar(17)   | NO   | PRI |         |       |
| TransactionNumber         | varchar(20)   | NO   | MUL | NULL    |       |
| TradeinName               | varchar(20)   | YES  |     | NULL    |       |
| TradeinDate               | date          | YES  |     | NULL    |       |
| CurrentMileage            | decimal(50,0) | YES  |     | NULL    |       |
| TradeinValue              | decimal(10,2) | YES  |     | NULL    |       |
| Vehicle_acquisition_price | decimal(8,2)  | YES  |     | NULL    |       |
+---------------------------+---------------+------+-----+---------+-------+
7 rows in set (0.01 sec)

mysql> describe SalesPerson;
+-------------------+-------------+------+-----+---------+-------+
| Field             | Type        | Null | Key | Default | Extra |
+-------------------+-------------+------+-----+---------+-------+
| salesPersonCode   | varchar(20) | NO   | PRI | NULL    |       |
| lastName          | varchar(20) | NO   |     | NULL    |       |
| firstName         | varchar(15) | NO   |     | NULL    |       |
| street            | varchar(50) | NO   |     | NULL    |       |
| city              | varchar(15) | YES  |     | NULL    |       |
| state             | char(2)     | YES  |     | NULL    |       |
| zip               | char(5)     | YES  |     | NULL    |       |
| homeAreaCode      | char(3)     | YES  |     | NULL    |       |
| homePhoneNumber   | char(7)     | YES  |     | NULL    |       |
| cellPhoneNumber   | char(10)    | YES  |     | NULL    |       |
| officePhoneNumber | char(10)    | YES  |     | NULL    |       |
| TransactionNumber | varchar(20) | NO   | MUL | NULL    |       |
+-------------------+-------------+------+-----+---------+-------+
12 rows in set (0.01 sec)

mysql> describe Inventory;
+---------------------------+---------------+------+-----+---------+-------+
| Field                     | Type          | Null | Key | Default | Extra |
+---------------------------+---------------+------+-----+---------+-------+
| VehicleID                 | varchar(17)   | NO   | PRI | NULL    |       |
| Vehicle_acquisition_price | decimal(15,0) | YES  |     | NULL    |       |
+---------------------------+---------------+------+-----+---------+-------+
2 rows in set (0.00 sec)

mysql> describe SalesPerformanceData;
+-------------------+--------------+------+-----+---------+-------+
| Field             | Type         | Null | Key | Default | Extra |
+-------------------+--------------+------+-----+---------+-------+
| salesPersonCode   | varchar(20)  | NO   | PRI | NULL    |       |
| TransactionNumber | varchar(20)  | NO   | MUL | NULL    |       |
| CommEarned        | decimal(8,2) | YES  |     | NULL    |       |
| TotalSales        | decimal(8,2) | YES  |     | NULL    |       |
| totalComm         | decimal(8,2) | YES  |     | NULL    |       |
+-------------------+--------------+------+-----+---------+-------+
5 rows in set (0.00 sec)

mysql> describe Sales;
+-------------------+--------------+------+-----+---------+-------+
| Field             | Type         | Null | Key | Default | Extra |
+-------------------+--------------+------+-----+---------+-------+
| TransactionNumber | varchar(20)  | NO   | PRI |         |       |
| SaleDate          | date         | YES  |     | NULL    |       |
| SalesPersonCode   | varchar(20)  | NO   |     | NULL    |       |
| SalesPrice        | decimal(8,2) | YES  | MUL | NULL    |       |
+-------------------+--------------+------+-----+---------+-------+
4 rows in set (0.00 sec)

mysql> describe InsuranceCompanies;
+--------------+-------------+------+-----+---------+-------+
| Field        | Type        | Null | Key | Default | Extra |
+--------------+-------------+------+-----+---------+-------+
| companyName  | varchar(50) | NO   | PRI |         |       |
| companyAdd   | varchar(50) | YES  |     | NULL    |       |
| companyPhone | char(10)    | YES  |     | NULL    |       |
+--------------+-------------+------+-----+---------+-------+
3 rows in set (0.00 sec)

mysql> describe Survey;
+-----------------------+--------------+------+-----+---------+-------+
| Field                 | Type         | Null | Key | Default | Extra |
+-----------------------+--------------+------+-----+---------+-------+
| TransactionNumber     | varchar(20)  | NO   | PRI |         |       |
| CustomerID            | varchar(20)  | NO   | MUL | NULL    |       |
| customerOpinion       | varchar(100) | YES  |     | NULL    |       |
| dealershipRating      | varchar(100) | YES  |     | NULL    |       |
| salespersonRating     | varchar(100) | YES  |     | NULL    |       |
| carRating             | varchar(100) | YES  |     | NULL    |       |
| WhereDoYouKnowAboutUs | varchar(100) | YES  |     | NULL    |       |
| SalesPersonCode       | varchar(20)  | NO   |     | NULL    |       |
| VehicleID             | varchar(17)  | NO   | MUL | NULL    |       |
+-----------------------+--------------+------+-----+---------+-------+
9 rows in set (0.00 sec)

mysql> describe Totals;
+------------+--------------+------+-----+---------+-------+
| Field      | Type         | Null | Key | Default | Extra |
+------------+--------------+------+-----+---------+-------+
| SalesPrice | decimal(8,2) | NO   | PRI | 0.00    |       |
| TotalSales | decimal(8,2) | NO   | PRI | 0.00    |       |
| totalComm  | decimal(8,2) | NO   | PRI | 0.00    |       |
+------------+--------------+------+-----+---------+-------+
3 rows in set (0.01 sec)

mysql> describe Zip;
+-------+-------------+------+-----+---------+-------+
| Field | Type        | Null | Key | Default | Extra |
+-------+-------------+------+-----+---------+-------+
| Zip   | char(5)     | NO   | PRI |         |       |
| City  | varchar(15) | NO   | PRI |         |       |
| State | char(2)     | NO   | PRI |         |       |
+-------+-------------+------+-----+---------+-------+
3 rows in set (0.00 sec)

mysql> describe Vehicle;
+----------------------------+-------------+------+-----+---------+-------+
| Field                      | Type        | Null | Key | Default | Extra |
+----------------------------+-------------+------+-----+---------+-------+
| VehicleID                  | varchar(17) | NO   | PRI | NULL    |       |
| model                      | varchar(20) | YES  | MUL | NULL    |       |
| manufacturerOtherDetails   | varchar(50) | YES  |     | NULL    |       |
| manufacturerDate           | date        | YES  |     | NULL    |       |
| manufacturerDateofDelivery | date        | YES  |     | NULL    |       |
| Warranteetype              | varchar(25) | YES  | MUL | NULL    |       |
+----------------------------+-------------+------+-----+---------+-------+

select * from salesfees;
select * from Insurance;
select * from Warrantee;
select * from Customer;
select * from VehicleModels;
select * from TradeIn;
select * from SalesPerson;
select * from Inventory;
select * from SalesPerformanceData;
select * from Sales;
select * from InsuranceCompanies;
select * from Survey;
select * from Totals;
select * from Zip;
select * from vehicle;

mysql> select * from salesfees;
+------------+----------+---------------------+------------+
| SalesPrice | salesTax | SalesFeesforLicense | LicenseFee |
+------------+----------+---------------------+------------+
|   10000.00 | 10887.50 |               20.00 |      50.00 |
|   15000.00 | 16331.25 |               20.00 |      50.00 |
|   18000.00 | 19597.50 |               20.00 |      50.00 |
|   20000.00 | 21775.00 |               20.00 |      50.00 |
|   30000.00 | 32662.50 |               20.00 |      50.00 |
+------------+----------+---------------------+------------+
5 rows in set (0.00 sec)

mysql> select * from Insurance;
+-----------+-------------------+-----------------------------------+-----------
-+------------+
| policyNo  | TransactionNumber | companyName                       | startDate
 | endDate    |
+-----------+-------------------+-----------------------------------+-----------
-+------------+
| ABC123450 | 1234567890654     | Greater New York Insurance Co     | 2012-12-09
 | 2013-02-09 |
| ABC123456 | 1234567890123     | Seneca Insurance                  | 2013-02-09
 | 2014-02-09 |
| ABC123457 | 1234567890456     | Tower Group Companies             | 2013-03-09
 | 2014-03-09 |
| ABC123458 | 1234567890789     | Campbell Solberg Associates Inc   | 2012-11-09
 | 2013-11-09 |
| ABC123459 | 1234567890321     | American Interanational Group Inc | 2013-01-09
 | 2014-01-09 |
+-----------+-------------------+-----------------------------------+-----------
-+------------+
5 rows in set (0.00 sec)

mysql> select * from Warrantee;
+---------------+---------+--------+
| WarranteeType | cost    | period |
+---------------+---------+--------+
| extended90k   | 1800.00 | 2      |
| extended90k   | 2500.00 | 2      |
| standard60k   | 1000.00 | 2      |
| standard60k   | 1500.00 | 1      |
| used30days    | 1000.00 | 2      |
+---------------+---------+--------+
5 rows in set (0.00 sec)

mysql> select * from Customer;
+------------+-----------+----------+-----------------------------+-------+-----
---------+-----------------------+---------------+-------------+----------------
---+
| CustomerID | FirstName | LastName | homeStreet                  | Zip   | driv
ersLicNo | EmailAddress          | Phoneareacode | phoneNumber | TransactionNumb
er |
+------------+-----------+----------+-----------------------------+-------+-----
---------+-----------------------+---------------+-------------+----------------
---+
| 189132465  | San       | Zhang    | 13 Cherry Street New York   | 10010 | 0123
45678    | sanzhang@gmail.com    | 123           | 4567890     | 1234567890123
   |
| 289132465  | Si        | Li       | 30 Newport Pkwy Jersey City | 07310 | 0223
45678    | sili@gmail.com        | 123           | 5567890     | 1234567890456
   |
| 389132465  | Mei       | Diane    | 40 Newport Pkwy Jersey City | 07310 | 0323
45678    | meidiane@gmail.com    | 123           | 6567890     | 1234567890789
   |
| 489132465  | Alex      | Hadden   | 15 Cherry Street New York   | 10010 | 0423
45678    | alexhadden@gmail.com  | 123           | 7567890     | 1234567890321
   |
| 589132465  | Mike      | Finizio  | 16 Cherry Street New York   | 10010 | 0523
45678    | mikefinizio@gmail.com | 123           | 8567890     | 1234567890654
   |
+------------+-----------+----------+-----------------------------+-------+-----
---------+-----------------------+---------------+-------------+----------------
---+
5 rows in set (0.00 sec)

mysql> select * from VehicleModels;
+---------+--------------+----------+---------+---------------+-----------------
--+---------------------+
| Model   | Manufacturer | Capacity | Weight  | NumberofDoors | NumberofCylinder
s | Vehicle_Description |
+---------+--------------+----------+---------+---------------+-----------------
--+---------------------+
| camaro  | chevrolet    |     4.00 | 3700.00 |          2.00 |              6.0
0 | red                 |
| camry   | toyota       |     5.00 | 3600.00 |          4.00 |              4.0
0 | black               |
| celica  | toyota       |     4.00 | 3400.00 |          2.00 |              6.0
0 | white               |
| mustang | ford         |     4.00 | 4000.00 |          2.00 |              6.0
0 | blue                |
| taurus  | ford         |     5.00 | 3800.00 |          4.00 |              4.0
0 | black               |
+---------+--------------+----------+---------+---------------+-----------------
--+---------------------+
5 rows in set (0.00 sec)

mysql> select * from TradeIn;
+-------------------+-------------------+-------------+-------------+-----------
-----+--------------+---------------------------+
| VehicleID         | TransactionNumber | TradeinName | TradeinDate | CurrentMil
eage | TradeinValue | Vehicle_acquisition_price |
+-------------------+-------------------+-------------+-------------+-----------
-----+--------------+---------------------------+
| LBDLAKJDC59813553 | 1234567890123     | 98Camry     | 2002-04-08  |         14
0000 |      3000.00 |                  31000.00 |
| LBDLAKJDC59813554 | 1234567890456     | 02Corolla   | 2009-05-07  |          9
0000 |      5000.00 |                  30000.00 |
| LBDLAKJDC59813555 | 1234567890789     | 05Altima    | 2003-01-12  |          5
0000 |      7000.00 |                  32095.00 |
| LBDLAKJDC59813556 | 1234567890321     | 01Sentra    | 2006-11-09  |         10
0000 |      4500.00 |                  32520.00 |
| LBDLAKJDC59813557 | 1234567890654     | 02Lemona    | 2010-05-10  |         20
0000 |      2000.00 |                  30520.00 |
+-------------------+-------------------+-------------+-------------+-----------
5 rows in set (0.00 sec)

mysql> select * from SalesPerson;
+----------------------+-----------+-----------+---------------------+----------
+-------+-------+--------------+-----------------+-----------------+------------
-------+-------------------+
| salesPersonCode      | lastName  | firstName | street              | city
| state | zip   | homeAreaCode | homePhoneNumber | cellPhoneNumber | officePhone
Number | TransactionNumber |
+----------------------+-----------+-----------+---------------------+----------
+-------+-------+--------------+-----------------+-----------------+------------
-------+-------------------+
| 12345678910111215161 | Sundstrom | John      | 11 Cherry Street    | New York
| NY    | 10010 | 212          | 5555555         | null            | null
       | 1234567890123     |
| 12345678910111215162 | Mickelson | Sam       | 142 Edgewood Ave    | New York
| NY    | 10012 | 212          | 5555556         | null            | null
       | 1234567890456     |
| 12345678910111215163 | Crowder   | Boyd      | 15 Rose Street      | New York
| NY    | 10016 | 212          | 5555557         | null            | null
       | 1234567890789     |
| 12345678910111215164 | Grimes    | Rick      | 11 Jefferson Street | New York
| NY    | 10011 | 212          | 5555558         | null            | null
       | 1234567890321     |
| 12345678910111215165 | Walker    | Michael   | 11 Newman Street    | New York
| NY    | 10010 | 212          | 5555552         | null            | null
       | 1234567890654     |
+----------------------+-----------+-----------+---------------------+----------
+-------+-------+--------------+-----------------+-----------------+------------
-------+-------------------+
5 rows in set (0.00 sec)

mysql> select * from Inventory;
+-------------------+---------------------------+
| VehicleID         | Vehicle_acquisition_price |
+-------------------+---------------------------+
| LBDLAKJDC59813553 |                     31000 |
| LBDLAKJDC59813554 |                     30000 |
| LBDLAKJDC59813555 |                     32095 |
| LBDLAKJDC59813556 |                     32520 |
| LBDLAKJDC59813557 |                     30520 |
+-------------------+---------------------------+
5 rows in set (0.00 sec)

mysql> select * from SalesPerformanceData;
+----------------------+-------------------+------------+------------+----------
-+
| salesPersonCode      | TransactionNumber | CommEarned | TotalSales | totalComm
 |
+----------------------+-------------------+------------+------------+----------
-+
| 12345678910111215161 | 1234567890123     |     500.00 |  300000.00 |   5000.00
 |
| 12345678910111215162 | 1234567890456     |     550.00 |  320000.00 |   5500.00
 |
| 12345678910111215163 | 1234567890789     |     600.00 |  340000.00 |   6000.00
 |
| 12345678910111215164 | 1234567890321     |     450.00 |  290000.00 |   4750.00
 |
| 12345678910111215165 | 1234567890654     |     525.00 |  310000.00 |   5250.00
 |
+----------------------+-------------------+------------+------------+----------
-+
5 rows in set (0.00 sec)

mysql> select * from Sales;
+-------------------+------------+----------------------+------------+
| TransactionNumber | SaleDate   | SalesPersonCode      | SalesPrice |
+-------------------+------------+----------------------+------------+
| 1234567890123     | 2013-02-09 | 12345678910111215161 |   20000.00 |
| 1234567890321     | 2013-01-09 | 12345678910111215162 |   15000.00 |
| 1234567890456     | 2013-03-09 | 12345678910111215163 |   30000.00 |
| 1234567890654     | 2012-12-09 | 12345678910111215164 |   18000.00 |
| 1234567890789     | 2012-11-09 | 12345678910111215165 |   10000.00 |
+-------------------+------------+----------------------+------------+
5 rows in set (0.00 sec)

mysql> select * from InsuranceCompanies;
+-----------------------------------+-------------------------------+-----------
---+
| companyName                       | companyAdd                    | companyPho
ne |
+-----------------------------------+-------------------------------+-----------
---+
| American Interanational Group Inc | 180 Maiden Ln No.4 New York   | 2127707000
   |
| Campbell Solberg Associates Inc   | 110 William St New York       | 8008746172
   |
| Greater New York Insurance Co     | 200 Madison Ave No.3 New York | 2126839700
   |
| Seneca Insurance                  | 160 Water St New York         | 2123443000
   |
| Tower Group Companies             | 120 Broadway New York         | 2126552000
   |
+-----------------------------------+-------------------------------+-----------
---+
5 rows in set (0.00 sec)

mysql> select * from Survey;

+-------------------+------------+-----------------+------------------+---------
----------+-----------+-----------------------+----------------------+----------
---------+
| TransactionNumber | CustomerID | customerOpinion | dealershipRating | salesper
sonRating | carRating | WhereDoYouKnowAboutUs | SalesPersonCode      | VehicleID
         |
+-------------------+------------+-----------------+------------------+---------
----------+-----------+-----------------------+----------------------+----------
---------+
| 1234567890123     | 189132465  | Expensive       | Good             | Fair eno
ugh       | Good      | Friends               | 12345678910111215161 | LBDLAKJDC
59813553 |
| 1234567890321     | 489132465  | Good price      | Good             | Good
          | Excellent | Internet              | 12345678910111215164 | LBDLAKJDC
59813556 |
| 1234567890456     | 289132465  | Cheap           | Fair enough      | Excellen
t         | Good      | Newspaper             | 12345678910111215162 | LBDLAKJDC
59813554 |
| 1234567890654     | 589132465  | Better services | Excellent        | Fair eno
ugh       | Good      | Internet              | 12345678910111215165 | LBDLAKJDC
59813557 |
| 1234567890789     | 389132465  | Good quality    | Fair enough      | Good
          | Good      | Advertisement         | 12345678910111215163 | LBDLAKJDC
59813555 |
+-------------------+------------+-----------------+------------------+---------
----------+-----------+-----------------------+----------------------+----------
---------+
5 rows in set (0.00 sec)

mysql> select * from Totals;
+------------+------------+-----------+
| SalesPrice | TotalSales | totalComm |
+------------+------------+-----------+
|   10000.00 |   12000.00 |    100.00 |
|   15000.00 |   18000.00 |    150.00 |
|   18000.00 |   21000.00 |    180.00 |
|   20000.00 |   23000.00 |    200.00 |
|   30000.00 |   34000.00 |    300.00 |
+------------+------------+-----------+
5 rows in set (0.00 sec)

mysql> select * from Zip;
+-------+---------------+-------+
| Zip   | City          | State |
+-------+---------------+-------+
| 07030 | Hoboken       | NJ    |
| 07310 | Jersey city   | NJ    |
| 10010 | New york city | NY    |
| 10012 | New york city | NY    |
| 10016 | New york city | NY    |
+-------+---------------+-------+
5 rows in set (0.00 sec)


mysql> select * from Vehicle;
+-------------------+---------+--------------------------+------------------+---
-------------------------+---------------+
| VehicleID         | model   | manufacturerOtherDetails | manufacturerDate | ma
nufacturerDateofDelivery | Warranteetype |
+-------------------+---------+--------------------------+------------------+---
-------------------------+---------------+
| LBDLAKJDC59813553 | mustang | null                     | 2010-01-20       | 20
12-02-20                 | standard60k   |
| LBDLAKJDC59813554 | taurus  | null                     | 2010-01-01       | 20
12-02-02                 | standard60k   |
| LBDLAKJDC59813555 | camaro  | null                     | 2010-02-03       | 20
12-02-10                 | extended90k   |
| LBDLAKJDC59813556 | camry   | null                     | 2010-03-01       | 20
12-04-01                 | standard60k   |
| LBDLAKJDC59813557 | celica  | null                     | 2009-01-01       | 20
11-05-01                 | used30days    |
+-------------------+---------+--------------------------+------------------+---
-------------------------+---------------+

























